SampleID,Source,Testbed,Site,Depth,Remains,Flag,X,Y
eDNA-2022-01,Water,Saipan-deep,Midchannel,379,0,,,
eDNA-2022-02,Water,Saipan-deep,Midchannel,379,0,,,
eDNA-2022-03,Water,Saipan-deep,Midchannel,379,0,,,
eDNA-2022-04,Water,Saipan-deep,Midchannel,320,0,,,
eDNA-2022-05,Water,Saipan-deep,Midchannel,320,0,,,
eDNA-2022-06,Water,Saipan-deep,Midchannel,320,0,,,
eDNA-2022-07,Water,Saipan-deep,26R0008,290,1,,,
eDNA-2022-08,Water,Saipan-deep,28R0003,368,1,,,
eDNA-2022-09,Water,Saipan-deep,28R0003,368,1,,,
eDNA-2022-10,Water,Saipan-deep,28R0003,368,1,,,
eDNA-2022-106,Water,Saipan-shallow,Hellcat,8.5,1,O,-6.6,17.7
eDNA-2022-11,Water,Saipan-deep,26R0012,284,1,,,
eDNA-2022-12,Water,Saipan-deep,26R0012,284,1,,,
eDNA-2022-125,Water,Saipan-shallow,Hellcat,8.5,1,N,7.3,26.5
eDNA-2022-13,Water,Saipan-deep,26R0012,284,1,,,
eDNA-2022-14,Water,Saipan-deep,03R0004,289,1,,,
eDNA-2022-168,Water,Saipan-shallow,Avenger,4.5,1,G,0.305047207,-0.987688341
eDNA-2022-181,Water,Saipan-shallow,Avenger,4.5,1,N,-6.781409282,-8.081768875
eDNA-2022-200,Water,Saipan-shallow,Avenger,4.5,1,L,23.56400246,-10.98807481
eDNA-2022-219,Water,Saipan-shallow,Avenger,4.5,1,T,-0.695387891,-0.280954945
eDNA-2022-220,Water,Saipan-shallow,Avenger,4.5,1,O,0.788234591,0.226022632
eDNA-2022-221,Water,Saipan-shallow,Avenger,4.5,1,F,0,-1
eDNA-2022-222,Water,Saipan-shallow,Avenger,4.5,1,A,0.429154841,8.188762185
eDNA-2022-223,Water,Saipan-shallow,Avenger,4.5,1,E,2.506126292,-5.374405177
eDNA-2022-224,Water,Saipan-shallow,Mariner,7,0,,,
eDNA-2022-225,Water,Saipan-shallow,Mariner,7,0,,,
eDNA-2022-226,Water,Saipan-shallow,Mariner,7,0,,,
eDNA-2022-227,Water,Saipan-shallow,Mariner,7,0,,,
eDNA-2022-228,Water,Saipan-shallow,Mariner,7,0,,,
eDNA-2022-229,Water,Saipan-shallow,Mariner,7,0,,,
eDNA-2022-230,Water,Saipan-shallow,Mariner,7,0,,,
eDNA-2022-231,Water,Saipan-shallow,Mariner,7,0,,,
eDNA-2022-232,Water,Saipan-shallow,Mariner,7,0,,,
eDNA-2022-239,Water,GreatLakes,Grecian,30,0,N,0.3,0.3
eDNA-2022-240,Water,GreatLakes,Grecian,30,0,L,1.2,1.2
eDNA-2022-265,Water,GreatLakes,Pewabic,50,1,W,1.2,1.2
eDNA-2022-269,Water,GreatLakes,Pewabic,50,1,S,4.89,4.89
eDNA-2022-282,Water,GreatLakes,Pewabic,50,1,C,-1.2,1.2
eDNA-2022-283,Water,GreatLakes,Pewabic,50,1,AA,-4.89,4.89
eDNA-2022-284,Water,GreatLakes,Pewabic,50,1,T,-3.46,0
eDNA-2022-285,Water,GreatLakes,Pewabic,50,1,YAKUZ,0,0
eDNA-2022-286,Water,GreatLakes,Pewabic,50,1,B,0,3.46
eDNA-2022-287,Water,GreatLakes,Pewabic,50,1,X,3.46,0
eDNA-2022-288,Water,GreatLakes,Corsican,48,0,O,-3.46,0
eDNA-2022-292,Water,GreatLakes,Corsican,48,0,H,13.85,0
eDNA-2022-305,Water,GreatLakes,Corsican,48,0,J,-13.85,0
eDNA-2022-309,Water,GreatLakes,Corsican,48,0,V,0,3.46
eDNA-2022-319,Water,GreatLakes,Corsican,48,0,R,-1.2,1.2
eDNA-2022-329,Water,GreatLakes,Corsican,48,0,B,4.89,4.89
eDNA-2022-336,Water,GreatLakes,Corsican,48,0,A,1.2,1.2
eDNA-2022-340,Water,GreatLakes,Corsican,48,0,G,3.46,0
eDNA-2022-341,Water,GreatLakes,Corsican,48,0,CDNMF,0,0
eDNA-2022-351,Water,GreatLakes,Norman,60,1,L,-1.2,1.2
eDNA-2022-376,Water,GreatLakes,Norman,60,1,I,-4.89,4.89
eDNA-2022-377,Water,GreatLakes,Norman,60,1,DD,4.89,4.89
eDNA-2022-378,Water,GreatLakes,Norman,60,1,CJHG,0,0
eDNA-2022-379,Water,GreatLakes,Norman,60,1,II,-3.46,0
eDNA-2022-380,Water,GreatLakes,Norman,60,1,D,0,3.46
eDNA-2022-51,Water,Saipan-shallow,Hellcat,8.5,1,K,0.2,18
eDNA-2022-52,Water,Saipan-shallow,Hellcat,8.5,1,H,3.9,17.85
eDNA-2022-53,Water,Saipan-shallow,Hellcat,8.5,1,I,3.8,16.1
eDNA-2022-551,Water,Italy,Italy,75,1,U,13,13.3
eDNA-2022-552,Water,Italy,Italy,75,1,V,13.2,17.7
eDNA-2022-553,Water,Italy,Italy,75,1,A,12.8,22.8
eDNA-2022-554,Water,Italy,Italy,75,1,B,12.8,3.5
eDNA-2022-570,Water,Italy,Italy,75,1,P,20.1,24
eDNA-2022-571,Water,Italy,Italy,75,1,Z,18.4,14.1
eDNA-2022-590,Water,Italy,Italy,75,1,R,11,15.4
eDNA-2022-591,Water,Italy,Italy,75,1,W,7.4,13.9
eDNA-2022-60,Water,Saipan-shallow,Hellcat,8.5,1,F,3.8,20.1
eDNA-2022-66,Water,Saipan-shallow,Hellcat,8.5,1,L,7.25,17.95
eDNA-2022-74,Water,Saipan-shallow,Hellcat,8.5,1,M,0.5,14.2
eDNA-2022-87,Water,Saipan-shallow,Hellcat,8.5,1,ABCEG,2.41,18.22
eDNA-2022-54,Sediment,Saipan-shallow,Hellcat,8.5,1,D,2,17.1
eDNA-2022-55,Sediment,Saipan-shallow,Hellcat,8.5,1,D,2,17.1
eDNA-2022-56,Sediment,Saipan-shallow,Hellcat,8.5,1,D,2,17.1
eDNA-2022-57,Sediment,Saipan-shallow,Hellcat,8.5,1,D,2,17.1
eDNA-2022-58,Sediment,Saipan-shallow,Hellcat,8.5,1,D,2,17.1
eDNA-2022-59,Sediment,Saipan-shallow,Hellcat,8.5,1,D,2,17.1
eDNA-2022-61,Sediment,Saipan-shallow,Hellcat,8.5,1,B,2,18
eDNA-2022-62,Sediment,Saipan-shallow,Hellcat,8.5,1,B,2,18
eDNA-2022-63,Sediment,Saipan-shallow,Hellcat,8.5,1,B,2,18
eDNA-2022-64,Sediment,Saipan-shallow,Hellcat,8.5,1,B,2,18
eDNA-2022-65,Sediment,Saipan-shallow,Hellcat,8.5,1,B,2,18
eDNA-2022-67,Sediment,Saipan-shallow,Hellcat,8.5,1,B,2,18
eDNA-2022-68,Sediment,Saipan-shallow,Hellcat,8.5,1,A,2,19.4
eDNA-2022-69,Sediment,Saipan-shallow,Hellcat,8.5,1,A,2,19.4
eDNA-2022-70,Sediment,Saipan-shallow,Hellcat,8.5,1,A,2,19.4
eDNA-2022-71,Sediment,Saipan-shallow,Hellcat,8.5,1,A,2,19.4
eDNA-2022-72,Sediment,Saipan-shallow,Hellcat,8.5,1,A,2,19.4
eDNA-2022-73,Sediment,Saipan-shallow,Hellcat,8.5,1,A,2,19.4
eDNA-2022-75,Sediment,Saipan-shallow,Hellcat,8.5,1,H,3.9,17.85
eDNA-2022-76,Sediment,Saipan-shallow,Hellcat,8.5,1,H,3.9,17.85
eDNA-2022-77,Sediment,Saipan-shallow,Hellcat,8.5,1,H,3.9,17.85
eDNA-2022-78,Sediment,Saipan-shallow,Hellcat,8.5,1,H,3.9,17.85
eDNA-2022-79,Sediment,Saipan-shallow,Hellcat,8.5,1,H,3.9,17.85
eDNA-2022-80,Sediment,Saipan-shallow,Hellcat,8.5,1,H,3.9,17.85
eDNA-2022-81,Sediment,Saipan-shallow,Hellcat,8.5,1,E,3.1,19
eDNA-2022-82,Sediment,Saipan-shallow,Hellcat,8.5,1,E,3.1,19
eDNA-2022-83,Sediment,Saipan-shallow,Hellcat,8.5,1,E,3.1,19
eDNA-2022-84,Sediment,Saipan-shallow,Hellcat,8.5,1,E,3.1,19
eDNA-2022-85,Sediment,Saipan-shallow,Hellcat,8.5,1,E,3.1,19
eDNA-2022-86,Sediment,Saipan-shallow,Hellcat,8.5,1,E,3.1,19
eDNA-2022-88,Sediment,Saipan-shallow,Hellcat,8.5,1,G,2.95,17.6
eDNA-2022-89,Sediment,Saipan-shallow,Hellcat,8.5,1,G,2.95,17.6
eDNA-2022-90,Sediment,Saipan-shallow,Hellcat,8.5,1,G,2.95,17.6
eDNA-2022-91,Sediment,Saipan-shallow,Hellcat,8.5,1,G,2.95,17.6
eDNA-2022-92,Sediment,Saipan-shallow,Hellcat,8.5,1,G,2.95,17.6
eDNA-2022-93,Sediment,Saipan-shallow,Hellcat,8.5,1,G,2.95,17.6
eDNA-2022-94,Sediment,Saipan-shallow,Hellcat,8.5,1,I,3.8,16.1
eDNA-2022-95,Sediment,Saipan-shallow,Hellcat,8.5,1,I,3.8,16.1
eDNA-2022-96,Sediment,Saipan-shallow,Hellcat,8.5,1,I,3.8,16.1
eDNA-2022-97,Sediment,Saipan-shallow,Hellcat,8.5,1,I,3.8,16.1
eDNA-2022-98,Sediment,Saipan-shallow,Hellcat,8.5,1,I,3.8,16.1
eDNA-2022-99,Sediment,Saipan-shallow,Hellcat,8.5,1,I,3.8,16.1
eDNA-2022-100,Sediment,Saipan-shallow,Hellcat,8.5,1,F,3.8,20.1
eDNA-2022-101,Sediment,Saipan-shallow,Hellcat,8.5,1,F,3.8,20.1
eDNA-2022-102,Sediment,Saipan-shallow,Hellcat,8.5,1,F,3.8,20.1
eDNA-2022-103,Sediment,Saipan-shallow,Hellcat,8.5,1,F,3.8,20.1
eDNA-2022-104,Sediment,Saipan-shallow,Hellcat,8.5,1,F,3.8,20.1
eDNA-2022-105,Sediment,Saipan-shallow,Hellcat,8.5,1,F,3.8,20.1
eDNA-2022-107,Sediment,Saipan-shallow,Hellcat,8.5,1,M,0.5,14.2
eDNA-2022-108,Sediment,Saipan-shallow,Hellcat,8.5,1,M,0.5,14.2
eDNA-2022-109,Sediment,Saipan-shallow,Hellcat,8.5,1,M,0.5,14.2
eDNA-2022-110,Sediment,Saipan-shallow,Hellcat,8.5,1,M,0.5,14.2
eDNA-2022-111,Sediment,Saipan-shallow,Hellcat,8.5,1,M,0.5,14.2
eDNA-2022-112,Sediment,Saipan-shallow,Hellcat,8.5,1,M,0.5,14.2
eDNA-2022-113,Sediment,Saipan-shallow,Hellcat,8.5,1,O,-6.6,17.7
eDNA-2022-114,Sediment,Saipan-shallow,Hellcat,8.5,1,O,-6.6,17.7
eDNA-2022-115,Sediment,Saipan-shallow,Hellcat,8.5,1,O,-6.6,17.7
eDNA-2022-116,Sediment,Saipan-shallow,Hellcat,8.5,1,O,-6.6,17.7
eDNA-2022-117,Sediment,Saipan-shallow,Hellcat,8.5,1,O,-6.6,17.7
eDNA-2022-118,Sediment,Saipan-shallow,Hellcat,8.5,1,O,-6.6,17.7
eDNA-2022-119,Sediment,Saipan-shallow,Hellcat,8.5,1,J,3.5,22.2
eDNA-2022-120,Sediment,Saipan-shallow,Hellcat,8.5,1,J,3.5,22.2
eDNA-2022-121,Sediment,Saipan-shallow,Hellcat,8.5,1,J,3.5,22.2
eDNA-2022-122,Sediment,Saipan-shallow,Hellcat,8.5,1,J,3.5,22.2
eDNA-2022-123,Sediment,Saipan-shallow,Hellcat,8.5,1,J,3.5,22.2
eDNA-2022-124,Sediment,Saipan-shallow,Hellcat,8.5,1,J,3.5,22.2
eDNA-2022-126,Sediment,Saipan-shallow,Hellcat,8.5,1,N,7.3,26.5
eDNA-2022-127,Sediment,Saipan-shallow,Hellcat,8.5,1,N,7.3,26.5
eDNA-2022-128,Sediment,Saipan-shallow,Hellcat,8.5,1,N,7.3,26.5
eDNA-2022-129,Sediment,Saipan-shallow,Hellcat,8.5,1,N,7.3,26.5
eDNA-2022-130,Sediment,Saipan-shallow,Hellcat,8.5,1,N,7.3,26.5
eDNA-2022-131,Sediment,Saipan-shallow,Hellcat,8.5,1,N,7.3,26.5
eDNA-2022-133,Sediment,Saipan-shallow,Hellcat,8.5,1,K,0.2,18
eDNA-2022-134,Sediment,Saipan-shallow,Hellcat,8.5,1,K,0.2,18
eDNA-2022-135,Sediment,Saipan-shallow,Hellcat,8.5,1,K,0.2,18
eDNA-2022-136,Sediment,Saipan-shallow,Hellcat,8.5,1,K,0.2,18
eDNA-2022-137,Sediment,Saipan-shallow,Hellcat,8.5,1,K,0.2,18
eDNA-2022-138,Sediment,Saipan-shallow,Hellcat,8.5,1,L,7.25,17.95
eDNA-2022-139,Sediment,Saipan-shallow,Hellcat,8.5,1,L,7.25,17.95
eDNA-2022-140,Sediment,Saipan-shallow,Hellcat,8.5,1,L,7.25,17.95
eDNA-2022-141,Sediment,Saipan-shallow,Hellcat,8.5,1,L,7.25,17.95
eDNA-2022-142,Sediment,Saipan-shallow,Hellcat,8.5,1,L,7.25,17.95
eDNA-2022-143,Sediment,Saipan-shallow,Hellcat,8.5,1,L,7.25,17.95
eDNA-2022-144,Sediment,Saipan-shallow,Hellcat,8.5,1,T,7.3,10.1
eDNA-2022-145,Sediment,Saipan-shallow,Hellcat,8.5,1,T,7.3,10.1
eDNA-2022-146,Sediment,Saipan-shallow,Hellcat,8.5,1,T,7.3,10.1
eDNA-2022-147,Sediment,Saipan-shallow,Hellcat,8.5,1,T,7.3,10.1
eDNA-2022-148,Sediment,Saipan-shallow,Hellcat,8.5,1,T,7.3,10.1
eDNA-2022-150,Sediment,Saipan-shallow,Avenger,4.5,1,B,-3.3,-5.715767665
eDNA-2022-151,Sediment,Saipan-shallow,Avenger,4.5,1,B,-3.3,-5.715767665
eDNA-2022-152,Sediment,Saipan-shallow,Avenger,4.5,1,B,-3.3,-5.715767665
eDNA-2022-153,Sediment,Saipan-shallow,Avenger,4.5,1,D,0,4.49
eDNA-2022-154,Sediment,Saipan-shallow,Avenger,4.5,1,D,0,4.49
eDNA-2022-155,Sediment,Saipan-shallow,Avenger,4.5,1,D,0,4.49
eDNA-2022-156,Sediment,Saipan-shallow,Avenger,4.5,1,L,23.56400246,-10.98807481
eDNA-2022-157,Sediment,Saipan-shallow,Avenger,4.5,1,L,23.56400246,-10.98807481
eDNA-2022-158,Sediment,Saipan-shallow,Avenger,4.5,1,L,23.56400246,-10.98807481
eDNA-2022-159,Sediment,Saipan-shallow,Avenger,4.5,1,A,0.429154841,8.188762185
eDNA-2022-160,Sediment,Saipan-shallow,Avenger,4.5,1,A,0.429154841,8.188762185
eDNA-2022-161,Sediment,Saipan-shallow,Avenger,4.5,1,A,0.429154841,8.188762185
eDNA-2022-162,Sediment,Saipan-shallow,Avenger,4.5,1,E,2.506126292,-5.374405177
eDNA-2022-163,Sediment,Saipan-shallow,Avenger,4.5,1,E,2.506126292,-5.374405177
eDNA-2022-164,Sediment,Saipan-shallow,Avenger,4.5,1,E,2.506126292,-5.374405177
eDNA-2022-165,Sediment,Saipan-shallow,Avenger,4.5,1,O,0.788234591,0.226022632
eDNA-2022-166,Sediment,Saipan-shallow,Avenger,4.5,1,O,0.788234591,0.226022632
eDNA-2022-167,Sediment,Saipan-shallow,Avenger,4.5,1,O,0.788234591,0.226022632
eDNA-2022-169,Sediment,Saipan-shallow,Avenger,4.5,1,N,-6.781409282,-8.081768875
eDNA-2022-170,Sediment,Saipan-shallow,Avenger,4.5,1,N,-6.781409282,-8.081768875
eDNA-2022-171,Sediment,Saipan-shallow,Avenger,4.5,1,N,-6.781409282,-8.081768875
eDNA-2022-172,Sediment,Saipan-shallow,Avenger,4.5,1,H,4.9,-8.487048957
eDNA-2022-173,Sediment,Saipan-shallow,Avenger,4.5,1,H,4.9,-8.487048957
eDNA-2022-174,Sediment,Saipan-shallow,Avenger,4.5,1,H,4.9,-8.487048957
eDNA-2022-175,Sediment,Saipan-shallow,Avenger,4.5,1,I,2.184588534,-2.654813937
eDNA-2022-176,Sediment,Saipan-shallow,Avenger,4.5,1,I,2.184588534,-2.654813937
eDNA-2022-177,Sediment,Saipan-shallow,Avenger,4.5,1,I,2.184588534,-2.654813937
eDNA-2022-178,Sediment,Saipan-shallow,Avenger,4.5,1,I,2.184588534,-2.654813937
eDNA-2022-179,Sediment,Saipan-shallow,Avenger,4.5,1,I,2.184588534,-2.654813937
eDNA-2022-180,Sediment,Saipan-shallow,Avenger,4.5,1,I,2.184588534,-2.654813937
eDNA-2022-182,Sediment,Saipan-shallow,Avenger,4.5,1,G,0.305047207,-0.987688341
eDNA-2022-184,Sediment,Saipan-shallow,Avenger,4.5,1,G,0.305047207,-0.987688341
eDNA-2022-185,Sediment,Saipan-shallow,Avenger,4.5,1,G,0.305047207,-0.987688341
eDNA-2022-186,Sediment,Saipan-shallow,Avenger,4.5,1,G,0.305047207,-0.987688341
eDNA-2022-187,Sediment,Saipan-shallow,Avenger,4.5,1,G,0.305047207,-0.987688341
eDNA-2022-188,Sediment,Saipan-shallow,Avenger,4.5,1,F,0,-1
eDNA-2022-189,Sediment,Saipan-shallow,Avenger,4.5,1,F,0,-1
eDNA-2022-190,Sediment,Saipan-shallow,Avenger,4.5,1,F,0,-1
eDNA-2022-191,Sediment,Saipan-shallow,Avenger,4.5,1,F,0,-1
eDNA-2022-192,Sediment,Saipan-shallow,Avenger,4.5,1,F,0,-1
eDNA-2022-193,Sediment,Saipan-shallow,Avenger,4.5,1,F,0,-1
eDNA-2022-194,Sediment,Saipan-shallow,Avenger,4.5,1,T,-0.695387891,-0.280954945
eDNA-2022-195,Sediment,Saipan-shallow,Avenger,4.5,1,T,-0.695387891,-0.280954945
eDNA-2022-196,Sediment,Saipan-shallow,Avenger,4.5,1,T,-0.695387891,-0.280954945
eDNA-2022-197,Sediment,Saipan-shallow,Avenger,4.5,1,T,-0.695387891,-0.280954945
eDNA-2022-198,Sediment,Saipan-shallow,Avenger,4.5,1,T,-0.695387891,-0.280954945
eDNA-2022-199,Sediment,Saipan-shallow,Avenger,4.5,1,T,-0.695387891,-0.280954945
eDNA-2022-201,Sediment,Saipan-shallow,Avenger,4.5,1,J,-1.807295654,-1.938087309
eDNA-2022-202,Sediment,Saipan-shallow,Avenger,4.5,1,J,-1.807295654,-1.938087309
eDNA-2022-203,Sediment,Saipan-shallow,Avenger,4.5,1,J,-1.807295654,-1.938087309
eDNA-2022-204,Sediment,Saipan-shallow,Avenger,4.5,1,J,-1.807295654,-1.938087309
eDNA-2022-205,Sediment,Saipan-shallow,Avenger,4.5,1,J,-1.807295654,-1.938087309
eDNA-2022-206,Sediment,Saipan-shallow,Avenger,4.5,1,J,-1.807295654,-1.938087309
eDNA-2022-207,Sediment,Saipan-shallow,Avenger,4.5,1,K,-0.805404176,-1.993445287
eDNA-2022-208,Sediment,Saipan-shallow,Avenger,4.5,1,K,-0.805404176,-1.993445287
eDNA-2022-210,Sediment,Saipan-shallow,Avenger,4.5,1,K,-0.805404176,-1.993445287
eDNA-2022-211,Sediment,Saipan-shallow,Avenger,4.5,1,K,-0.805404176,-1.993445287
eDNA-2022-212,Sediment,Saipan-shallow,Avenger,4.5,1,K,-0.805404176,-1.993445287
eDNA-2022-213,Sediment,Saipan-shallow,Avenger,4.5,1,M,-1.104837343,-1.184792997
eDNA-2022-214,Sediment,Saipan-shallow,Avenger,4.5,1,M,-1.104837343,-1.184792997
eDNA-2022-215,Sediment,Saipan-shallow,Avenger,4.5,1,M,-1.104837343,-1.184792997
eDNA-2022-216,Sediment,Saipan-shallow,Avenger,4.5,1,M,-1.104837343,-1.184792997
eDNA-2022-217,Sediment,Saipan-shallow,Avenger,4.5,1,M,-1.104837343,-1.184792997
eDNA-2022-218,Sediment,Saipan-shallow,Avenger,4.5,1,M,-1.104837343,-1.184792997
eDNA-2022-555,Sediment,Italy,Italy,75,1,Q,29,12.8
eDNA-2022-556,Sediment,Italy,Italy,75,1,Q,29,12.8
eDNA-2022-557,Sediment,Italy,Italy,75,1,Q,29,12.8
eDNA-2022-558,Sediment,Italy,Italy,75,1,P,24,20.1
eDNA-2022-559,Sediment,Italy,Italy,75,1,P,24,20.1
eDNA-2022-560,Sediment,Italy,Italy,75,1,P,24,20.1
eDNA-2022-561,Sediment,Italy,Italy,75,1,K,15.5,14.5
eDNA-2022-562,Sediment,Italy,Italy,75,1,K,15.5,14.5
eDNA-2022-563,Sediment,Italy,Italy,75,1,K,15.5,14.5
eDNA-2022-564,Sediment,Italy,Italy,75,1,Z,14.1,18.4
eDNA-2022-565,Sediment,Italy,Italy,75,1,Z,14.1,18.4
eDNA-2022-566,Sediment,Italy,Italy,75,1,Z,14.1,18.4
eDNA-2022-567,Sediment,Italy,Italy,75,1,B,3.5,12.8
eDNA-2022-568,Sediment,Italy,Italy,75,1,B,3.5,12.8
eDNA-2022-569,Sediment,Italy,Italy,75,1,B,3.5,12.8
eDNA-2022-572,Sediment,Italy,Italy,75,1,C,9.2,16.7
eDNA-2022-573,Sediment,Italy,Italy,75,1,C,9.2,16.7
eDNA-2022-574,Sediment,Italy,Italy,75,1,C,9.2,16.7
eDNA-2022-575,Sediment,Italy,Italy,75,1,Y,9.3,9
eDNA-2022-576,Sediment,Italy,Italy,75,1,Y,9.3,9
eDNA-2022-577,Sediment,Italy,Italy,75,1,Y,9.3,9
eDNA-2022-578,Sediment,Italy,Italy,75,1,I,24.4,5.5
eDNA-2022-579,Sediment,Italy,Italy,75,1,I,24.4,5.5
eDNA-2022-580,Sediment,Italy,Italy,75,1,I,24.4,5.5
eDNA-2022-581,Sediment,Italy,Italy,75,1,V,17.7,13.2
eDNA-2022-582,Sediment,Italy,Italy,75,1,V,17.7,13.2
eDNA-2022-583,Sediment,Italy,Italy,75,1,V,17.7,13.2
eDNA-2022-584,Sediment,Italy,Italy,75,1,W,13.9,7.4
eDNA-2022-585,Sediment,Italy,Italy,75,1,W,13.9,7.4
eDNA-2022-586,Sediment,Italy,Italy,75,1,W,13.9,7.4
eDNA-2022-587,Sediment,Italy,Italy,75,1,U,13.3,13
eDNA-2022-588,Sediment,Italy,Italy,75,1,U,13.3,13
eDNA-2022-589,Sediment,Italy,Italy,75,1,U,13.3,13
eDNA-2022-592,Sediment,Italy,Italy,75,1,X,16.6,12.9
eDNA-2022-593,Sediment,Italy,Italy,75,1,X,16.6,12.9
eDNA-2022-594,Sediment,Italy,Italy,75,1,X,16.6,12.9
eDNA-2022-595,Sediment,Italy,Italy,75,1,R,15.4,11
eDNA-2022-596,Sediment,Italy,Italy,75,1,R,15.4,11
eDNA-2022-597,Sediment,Italy,Italy,75,1,R,15.4,11
eDNA-2022-598,Sediment,Italy,Italy,75,1,S,17.6,12.3
eDNA-2022-599,Sediment,Italy,Italy,75,1,S,17.6,12.3
eDNA-2022-600,Sediment,Italy,Italy,75,1,S,17.6,12.3
eDNA-2022-233,Sediment,GreatLakes,Grecian,30,0,I,0,0.86
eDNA-2022-234,Sediment,GreatLakes,Grecian,30,0,I,0,0.86
eDNA-2022-235,Sediment,GreatLakes,Grecian,30,0,I,0,0.86
eDNA-2022-236,Sediment,GreatLakes,Grecian,30,0,E,-3.46,0
eDNA-2022-237,Sediment,GreatLakes,Grecian,30,0,E,-3.46,0
eDNA-2022-238,Sediment,GreatLakes,Grecian,30,0,E,-3.46,0
eDNA-2022-241,Sediment,GreatLakes,Pewabic,50,1,T,-3.46,0
eDNA-2022-242,Sediment,GreatLakes,Pewabic,50,1,T,-3.46,0
eDNA-2022-243,Sediment,GreatLakes,Pewabic,50,1,T,-3.46,0
eDNA-2022-244,Sediment,GreatLakes,Pewabic,50,1,AA,-4.89,4.89
eDNA-2022-245,Sediment,GreatLakes,Pewabic,50,1,AA,-4.89,4.89
eDNA-2022-246,Sediment,GreatLakes,Pewabic,50,1,AA,-4.89,4.89
eDNA-2022-247,Sediment,GreatLakes,Pewabic,50,1,Z,0.86,0
eDNA-2022-248,Sediment,GreatLakes,Pewabic,50,1,Z,0.86,0
eDNA-2022-249,Sediment,GreatLakes,Pewabic,50,1,Z,0.86,0
eDNA-2022-250,Sediment,GreatLakes,Pewabic,50,1,Y,0.3,0.3
eDNA-2022-251,Sediment,GreatLakes,Pewabic,50,1,Y,0.3,0.3
eDNA-2022-252,Sediment,GreatLakes,Pewabic,50,1,Y,0.3,0.3
eDNA-2022-253,Sediment,GreatLakes,Pewabic,50,1,C,-1.2,1.2
eDNA-2022-254,Sediment,GreatLakes,Pewabic,50,1,C,-1.2,1.2
eDNA-2022-255,Sediment,GreatLakes,Pewabic,50,1,C,-1.2,1.2
eDNA-2022-256,Sediment,GreatLakes,Pewabic,50,1,K,-0.3,0.3
eDNA-2022-257,Sediment,GreatLakes,Pewabic,50,1,K,-0.3,0.3
eDNA-2022-258,Sediment,GreatLakes,Pewabic,50,1,K,-0.3,0.3
eDNA-2022-259,Sediment,GreatLakes,Pewabic,50,1,B,0,3.46
eDNA-2022-260,Sediment,GreatLakes,Pewabic,50,1,B,0,3.46
eDNA-2022-261,Sediment,GreatLakes,Pewabic,50,1,B,0,3.46
eDNA-2022-262,Sediment,GreatLakes,Pewabic,50,1,S,4.89,4.89
eDNA-2022-263,Sediment,GreatLakes,Pewabic,50,1,S,4.89,4.89
eDNA-2022-264,Sediment,GreatLakes,Pewabic,50,1,S,4.89,4.89
eDNA-2022-266,Sediment,GreatLakes,Pewabic,50,1,W,1.2,1.2
eDNA-2022-267,Sediment,GreatLakes,Pewabic,50,1,W,1.2,1.2
eDNA-2022-268,Sediment,GreatLakes,Pewabic,50,1,W,1.2,1.2
eDNA-2022-270,Sediment,GreatLakes,Pewabic,50,1,X,3.46,0
eDNA-2022-271,Sediment,GreatLakes,Pewabic,50,1,X,3.46,0
eDNA-2022-272,Sediment,GreatLakes,Pewabic,50,1,X,3.46,0
eDNA-2022-273,Sediment,GreatLakes,Pewabic,50,1,A,0,0.86
eDNA-2022-274,Sediment,GreatLakes,Pewabic,50,1,A,0,0.86
eDNA-2022-275,Sediment,GreatLakes,Pewabic,50,1,A,0,0.86
eDNA-2022-276,Sediment,GreatLakes,Pewabic,50,1,U,-0.86,0
eDNA-2022-277,Sediment,GreatLakes,Pewabic,50,1,U,-0.86,0
eDNA-2022-278,Sediment,GreatLakes,Pewabic,50,1,U,-0.86,0
eDNA-2022-279,Sediment,GreatLakes,Pewabic,50,1,U,-0.86,0
eDNA-2022-280,Sediment,GreatLakes,Pewabic,50,1,U,-0.86,0
eDNA-2022-281,Sediment,GreatLakes,Pewabic,50,1,U,-0.86,0
eDNA-2022-289,Sediment,GreatLakes,Corsican,48,0,O,-3.46,0
eDNA-2022-290,Sediment,GreatLakes,Corsican,48,0,O,-3.46,0
eDNA-2022-291,Sediment,GreatLakes,Corsican,48,0,O,-3.46,0
eDNA-2022-293,Sediment,GreatLakes,Corsican,48,0,B,4.89,4.89
eDNA-2022-294,Sediment,GreatLakes,Corsican,48,0,B,4.89,4.89
eDNA-2022-295,Sediment,GreatLakes,Corsican,48,0,B,4.89,4.89
eDNA-2022-296,Sediment,GreatLakes,Corsican,48,0,B,4.89,4.89
eDNA-2022-297,Sediment,GreatLakes,Corsican,48,0,B,4.89,4.89
eDNA-2022-298,Sediment,GreatLakes,Corsican,48,0,B,4.89,4.89
eDNA-2022-299,Sediment,GreatLakes,Corsican,48,0,A,1.2,1.2
eDNA-2022-300,Sediment,GreatLakes,Corsican,48,0,A,1.2,1.2
eDNA-2022-301,Sediment,GreatLakes,Corsican,48,0,A,1.2,1.2
eDNA-2022-302,Sediment,GreatLakes,Corsican,48,0,R,-1.2,1.2
eDNA-2022-303,Sediment,GreatLakes,Corsican,48,0,R,-1.2,1.2
eDNA-2022-304,Sediment,GreatLakes,Corsican,48,0,R,-1.2,1.2
eDNA-2022-306,Sediment,GreatLakes,Corsican,48,0,J,-13.85,0
eDNA-2022-307,Sediment,GreatLakes,Corsican,48,0,J,-13.85,0
eDNA-2022-308,Sediment,GreatLakes,Corsican,48,0,J,-13.85,0
eDNA-2022-310,Sediment,GreatLakes,Corsican,48,0,Q,-4.89,4.89
eDNA-2022-311,Sediment,GreatLakes,Corsican,48,0,Q,-4.89,4.89
eDNA-2022-312,Sediment,GreatLakes,Corsican,48,0,Q,-4.89,4.89
eDNA-2022-313,Sediment,GreatLakes,Corsican,48,0,V,0,3.46
eDNA-2022-314,Sediment,GreatLakes,Corsican,48,0,V,0,3.46
eDNA-2022-315,Sediment,GreatLakes,Corsican,48,0,V,0,3.46
eDNA-2022-316,Sediment,GreatLakes,Corsican,48,0,H,13.85,0
eDNA-2022-317,Sediment,GreatLakes,Corsican,48,0,H,13.85,0
eDNA-2022-318,Sediment,GreatLakes,Corsican,48,0,H,13.85,0
eDNA-2022-320,Sediment,GreatLakes,Corsican,48,0,P,0,13.85
eDNA-2022-321,Sediment,GreatLakes,Corsican,48,0,P,0,13.85
eDNA-2022-322,Sediment,GreatLakes,Corsican,48,0,P,0,13.85
eDNA-2022-323,Sediment,GreatLakes,Corsican,48,0,D,0,0.86
eDNA-2022-324,Sediment,GreatLakes,Corsican,48,0,D,0,0.86
eDNA-2022-325,Sediment,GreatLakes,Corsican,48,0,D,0,0.86
eDNA-2022-326,Sediment,GreatLakes,Corsican,48,0,F,0.86,0
eDNA-2022-327,Sediment,GreatLakes,Corsican,48,0,F,0.86,0
eDNA-2022-328,Sediment,GreatLakes,Corsican,48,0,F,0.86,0
eDNA-2022-330,Sediment,GreatLakes,Corsican,48,0,C,0.3,0.3
eDNA-2022-331,Sediment,GreatLakes,Corsican,48,0,C,0.3,0.3
eDNA-2022-332,Sediment,GreatLakes,Corsican,48,0,C,0.3,0.3
eDNA-2022-333,Sediment,GreatLakes,Corsican,48,0,M,-0.86,0
eDNA-2022-334,Sediment,GreatLakes,Corsican,48,0,M,-0.86,0
eDNA-2022-335,Sediment,GreatLakes,Corsican,48,0,M,-0.86,0
eDNA-2022-337,Sediment,GreatLakes,Corsican,48,0,N,-0.3,0.3
eDNA-2022-338,Sediment,GreatLakes,Corsican,48,0,N,-0.3,0.3
eDNA-2022-339,Sediment,GreatLakes,Corsican,48,0,N,-0.3,0.3
eDNA-2022-342,Sediment,GreatLakes,Norman,60,1,L,-1.2,1.2
eDNA-2022-343,Sediment,GreatLakes,Norman,60,1,L,-1.2,1.2
eDNA-2022-344,Sediment,GreatLakes,Norman,60,1,L,-1.2,1.2
eDNA-2022-345,Sediment,GreatLakes,Norman,60,1,C,0,0.86
eDNA-2022-346,Sediment,GreatLakes,Norman,60,1,C,0,0.86
eDNA-2022-347,Sediment,GreatLakes,Norman,60,1,C,0,0.86
eDNA-2022-348,Sediment,GreatLakes,Norman,60,1,J,-0.3,0.3
eDNA-2022-349,Sediment,GreatLakes,Norman,60,1,J,-0.3,0.3
eDNA-2022-350,Sediment,GreatLakes,Norman,60,1,J,-0.3,0.3
eDNA-2022-352,Sediment,GreatLakes,Norman,60,1,G,0.86,0
eDNA-2022-353,Sediment,GreatLakes,Norman,60,1,G,0.86,0
eDNA-2022-354,Sediment,GreatLakes,Norman,60,1,G,0.86,0
eDNA-2022-355,Sediment,GreatLakes,Norman,60,1,H,-0.86,0
eDNA-2022-356,Sediment,GreatLakes,Norman,60,1,H,-0.86,0
eDNA-2022-357,Sediment,GreatLakes,Norman,60,1,H,-0.86,0
eDNA-2022-358,Sediment,GreatLakes,Norman,60,1,D,0,3.46
eDNA-2022-359,Sediment,GreatLakes,Norman,60,1,D,0,3.46
eDNA-2022-360,Sediment,GreatLakes,Norman,60,1,D,0,3.46
eDNA-2022-361,Sediment,GreatLakes,Norman,60,1,II,-3.46,0
eDNA-2022-362,Sediment,GreatLakes,Norman,60,1,II,-3.46,0
eDNA-2022-363,Sediment,GreatLakes,Norman,60,1,II,-3.46,0
eDNA-2022-364,Sediment,GreatLakes,Norman,60,1,I,-4.89,4.89
eDNA-2022-365,Sediment,GreatLakes,Norman,60,1,I,-4.89,4.89
eDNA-2022-366,Sediment,GreatLakes,Norman,60,1,I,-4.89,4.89
eDNA-2022-367,Sediment,GreatLakes,Norman,60,1,DD,4.89,4.89
eDNA-2022-368,Sediment,GreatLakes,Norman,60,1,DD,4.89,4.89
eDNA-2022-369,Sediment,GreatLakes,Norman,60,1,DD,4.89,4.89
eDNA-2022-370,Sediment,GreatLakes,Norman,60,1,E,1.2,1.2
eDNA-2022-371,Sediment,GreatLakes,Norman,60,1,E,1.2,1.2
eDNA-2022-372,Sediment,GreatLakes,Norman,60,1,E,1.2,1.2
eDNA-2022-373,Sediment,GreatLakes,Norman,60,1,CC,0.3,0.3
eDNA-2022-374,Sediment,GreatLakes,Norman,60,1,CC,0.3,0.3
eDNA-2022-375,Sediment,GreatLakes,Norman,60,1,CC,0.3,0.3
